date,location,total_vaccinations,total_distributed,people_vaccinated,people_fully_vaccinated_per_hundred,total_vaccinations_per_hundred,people_fully_vaccinated,people_vaccinated_per_hundred,distributed_per_hundred,daily_vaccinations_raw,daily_vaccinations,daily_vaccinations_per_million,share_doses_used,total_boosters,total_boosters_per_hundred
1/12/2021,Georgia,170571,960975,85110,0.07,1.61,7746,0.8,9.05,,,,0.177,,
1/13/2021,Georgia,198756,1003975,86105,0.08,1.87,8937,0.81,9.46,28185,28185,2655,0.198,,
1/14/2021,Georgia,231305,1010900,204301,,2.18,,1.92,9.52,32549,30367,2860,0.229,,
1/15/2021,Georgia,231305,1011200,204301,0.21,2.18,22324,1.92,9.52,0,20245,1907,0.229,,
1/16/2021,Georgia,,,,,,,,,,20248,1907,,,
1/17/2021,Georgia,,,,,,,,,,20250,1907,,,
1/18/2021,Georgia,,,,,,,,,,20251,1907,,,
1/19/2021,Georgia,312336,1011200,278151,0.27,2.94,28907,2.62,9.52,,20252,1907,0.309,,
1/20/2021,Georgia,397048,1077375,356010,0.33,3.74,35029,3.35,10.15,84712,28327,2668,0.369,,
1/21/2021,Georgia,453862,1162275,407000,0.38,4.27,39972,3.83,10.95,56814,31794,2995,0.39,,
1/22/2021,Georgia,603486,1235375,533665,0.56,5.68,59925,5.03,11.64,149624,53169,5008,0.489,,
1/23/2021,Georgia,604067,1235775,534161,0.56,5.69,59965,5.03,11.64,581,50358,4743,0.489,,
1/24/2021,Georgia,604067,1235775,534161,0.56,5.69,59965,5.03,11.64,0,47464,4470,0.489,,
1/25/2021,Georgia,604067,1235775,534161,0.56,5.69,59965,5.03,11.64,0,44570,4198,0.489,,
1/26/2021,Georgia,668589,1309850,591385,0.61,6.3,64989,5.57,12.34,64522,50893,4793,0.51,,
1/27/2021,Georgia,712866,1412450,622905,0.71,6.71,75360,5.87,13.3,44277,45117,4249,0.505,,
1/28/2021,Georgia,764211,1441025,659212,0.84,7.2,89305,6.21,13.57,51345,44336,4176,0.53,,
1/29/2021,Georgia,810291,1448825,693085,0.94,7.63,99941,6.53,13.65,46080,29544,2783,0.559,,
1/30/2021,Georgia,856746,1449800,729117,1.03,8.07,109311,6.87,13.65,46455,36097,3400,0.591,,
1/31/2021,Georgia,906186,1449800,766875,1.13,8.53,119878,7.22,13.65,49440,43160,4065,0.625,,
2/1/2021,Georgia,930517,1449800,785487,1.18,8.76,125548,7.4,13.65,24331,46636,4392,0.642,,
2/2/2021,Georgia,940066,1557175,790354,1.22,8.85,129885,7.44,14.67,9549,38782,3653,0.604,,
2/3/2021,Georgia,975038,1638700,813214,1.33,9.18,140900,7.66,15.43,34972,37453,3528,0.595,,
2/4/2021,Georgia,1008040,1686125,834091,1.44,9.49,152626,7.86,15.88,33002,34833,3281,0.598,,
2/5/2021,Georgia,1051622,1688075,860543,1.59,9.9,169163,8.11,15.9,43582,34476,3247,0.623,,
2/6/2021,Georgia,1098863,1688075,887597,1.78,10.35,188736,8.36,15.9,47241,34588,3258,0.651,,
2/7/2021,Georgia,1146024,1688075,912189,1.98,10.79,210237,8.59,15.9,47161,34263,3227,0.679,,
2/8/2021,Georgia,1167738,1688075,923282,2.07,11,219840,8.7,15.9,21714,33889,3192,0.692,,
2/9/2021,Georgia,1179950,1840775,927176,2.15,11.11,227997,8.73,17.34,12212,34269,3228,0.641,,
2/10/2021,Georgia,1223850,1914800,946505,2.37,11.53,251946,8.91,18.03,43900,35545,3348,0.639,,
2/11/2021,Georgia,1273015,2017525,967179,2.63,11.99,279546,9.11,19,49165,37854,3565,0.631,,
2/12/2021,Georgia,1273015,2017525,967179,2.63,11.99,279546,9.11,19,0,31628,2979,0.631,,
2/13/2021,Georgia,1328795,2020275,987693,2.96,12.52,313961,9.3,19.03,55780,32847,3094,0.658,,
2/14/2021,Georgia,1437718,2020275,1027629,3.58,13.54,380394,9.68,19.03,108923,41671,3925,0.712,,
2/15/2021,Georgia,,,,,,,,,,41120,3873,,,
2/16/2021,Georgia,1473440,2130100,1040075,3.79,13.88,402578,9.8,20.06,,41927,3949,0.692,,
2/17/2021,Georgia,1473440,2131775,1040075,3.79,13.88,402578,9.8,20.08,0,35656,3358,0.691,,
2/18/2021,Georgia,1569216,2145525,1073929,4.36,14.78,462570,10.11,20.21,95776,42314,3985,0.731,,
2/19/2021,Georgia,1720789,2286360,1158554,4.97,16.21,527556,10.91,21.53,151573,63968,6025,0.753,,
2/20/2021,Georgia,1786755,2292085,1181826,5.35,16.83,568299,11.13,21.59,65966,65423,6162,0.78,,
2/21/2021,Georgia,,,,,,,,,,56072,5281,,,
2/22/2021,Georgia,1873683,2292085,1188521,5.84,17.65,620186,11.19,21.59,,59729,5626,0.817,,
2/23/2021,Georgia,1880429,2369305,1191004,5.88,17.71,624352,11.22,22.32,6746,58141,5476,0.794,,
2/24/2021,Georgia,1919262,2535925,1203510,6.12,18.08,649555,11.34,23.88,38833,63689,5999,0.757,,
2/25/2021,Georgia,1961849,2645625,1219200,6.36,18.48,674956,11.48,24.92,42587,56090,5283,0.742,,
2/26/2021,Georgia,2013769,2840015,1239379,6.65,18.97,705985,11.67,26.75,51920,41854,3942,0.709,,
2/27/2021,Georgia,2070076,2881145,1258671,6.98,19.5,741138,11.85,27.14,56307,40474,3812,0.718,,
2/28/2021,Georgia,2072451,2881145,1259837,7,19.52,742880,11.87,27.14,2375,34605,3259,0.719,,
3/1/2021,Georgia,2072628,2881145,1260430,7,19.52,743037,11.87,27.14,177,28421,2677,0.719,,
3/2/2021,Georgia,2085047,3067745,1268982,7.03,19.64,746611,11.95,28.89,12419,29231,2753,0.68,,
3/3/2021,Georgia,2133517,3155155,1287231,7.3,20.09,775586,12.12,29.72,48470,30608,2883,0.676,,
3/4/2021,Georgia,2187289,3339265,1310024,7.59,20.6,805346,12.34,31.45,53772,32206,3033,0.655,,
3/5/2021,Georgia,2253011,3379335,1337534,7.93,21.22,841985,12.6,31.83,65722,34177,3219,0.667,,
3/6/2021,Georgia,2308087,3437635,1365901,8.17,21.74,867118,12.86,32.38,55076,34002,3202,0.671,,
3/7/2021,Georgia,2366573,3437635,1396280,8.42,22.29,894327,13.15,32.38,58486,42017,3957,0.688,,
3/8/2021,Georgia,2391999,3437635,1411942,8.52,22.53,904207,13.3,32.38,25426,45624,4297,0.696,,
3/9/2021,Georgia,2406206,3706995,1420118,8.58,22.66,910623,13.38,34.91,14207,45880,4321,0.649,,
3/10/2021,Georgia,2408998,3782385,1422182,8.59,22.69,911979,13.39,35.62,2792,39354,3707,0.637,,
3/11/2021,Georgia,2483900,3923755,1474110,8.82,23.39,936451,13.88,36.96,74902,42373,3991,0.633,,
3/12/2021,Georgia,2598432,3980645,1548497,9.23,24.47,979717,14.58,37.49,114532,49346,4648,0.653,,
3/13/2021,Georgia,2681373,3980645,1608162,9.5,25.25,1008364,15.15,37.49,82941,53327,5023,0.674,,
3/14/2021,Georgia,2754347,3981815,1662522,9.74,25.94,1033760,15.66,37.5,72974,55396,5217,0.692,,
3/15/2021,Georgia,2790084,3981815,1689912,9.84,26.28,1044640,15.92,37.5,35737,56869,5356,0.701,,
3/16/2021,Georgia,2810272,4188145,1707798,9.88,26.47,1048574,16.08,39.45,20188,57724,5437,0.671,,
3/17/2021,Georgia,2814158,4284205,1710417,9.89,26.51,1050574,16.11,40.35,3886,57880,5451,0.657,,
3/18/2021,Georgia,2906563,4403365,1774120,10.19,27.38,1082385,16.71,41.47,92405,60380,5687,0.66,,
3/19/2021,Georgia,2910835,4482955,1777288,10.21,27.42,1084493,16.74,42.22,4272,44629,4203,0.649,,
3/20/2021,Georgia,3113334,4553155,1920080,10.72,29.32,1138530,18.08,42.88,202499,61709,5812,0.684,,
3/21/2021,Georgia,3207887,4553155,1999241,10.88,30.21,1155439,18.83,42.88,94553,64791,6102,0.705,,
3/22/2021,Georgia,3280952,4553155,2058969,11.04,30.9,1171886,19.39,42.88,73065,70124,6605,0.721,,
3/23/2021,Georgia,3281102,4820525,2059451,11.04,30.9,1172125,19.4,45.4,150,67261,6335,0.681,,
3/24/2021,Georgia,3362513,4986855,2121979,11.22,31.67,1191691,19.99,46.97,81411,78336,7378,0.674,,
3/25/2021,Georgia,3434860,5174215,2179249,11.38,32.35,1208667,20.53,48.73,72347,75471,7108,0.664,,
3/26/2021,Georgia,3530980,5319955,2256114,11.58,33.26,1229095,21.25,50.11,96120,88592,8344,0.664,,
3/27/2021,Georgia,3621196,5385975,2326415,11.77,34.11,1250189,21.91,50.73,90216,72552,6833,0.672,,
3/28/2021,Georgia,3711950,5385975,2401381,11.94,34.96,1267677,22.62,50.73,90754,72009,6782,0.689,,
3/29/2021,Georgia,3764344,5385975,2447419,12.01,35.45,1275068,23.05,50.73,52394,69056,6504,0.699,,
3/30/2021,Georgia,3786303,5724605,2465539,12.06,35.66,1280161,23.22,53.92,21959,72172,6798,0.661,,
3/31/2021,Georgia,3855859,5777435,2515040,12.26,36.32,1301323,23.69,54.41,69556,70478,6638,0.667,,
4/1/2021,Georgia,3950645,6101935,2584711,12.5,37.21,1327557,24.34,57.47,94786,73684,6940,0.647,,
4/2/2021,Georgia,4055515,6181185,2659950,12.81,38.2,1359623,25.05,58.22,104870,74934,7058,0.656,,
4/3/2021,Georgia,4150770,6237495,2726041,13.11,39.09,1392057,25.68,58.75,95255,75653,7125,0.665,,
4/4/2021,Georgia,4153506,6237495,2728898,13.13,39.12,1393877,25.7,58.75,2736,63079,5941,0.666,,
4/5/2021,Georgia,4236864,6237495,2791236,13.33,39.9,1415768,26.29,58.75,83358,67503,6358,0.679,,
4/6/2021,Georgia,4281437,6663635,2812750,13.39,40.32,1421747,26.49,62.76,44573,70733,6662,0.643,,
4/7/2021,Georgia,4463237,6782615,2925480,14.08,42.04,1494480,27.55,63.88,181800,86768,8172,0.658,,
4/8/2021,Georgia,4541621,6990615,2983960,14.47,42.78,1536865,28.1,65.84,78384,84425,7952,0.65,,
4/9/2021,Georgia,4660059,7067975,3055334,14.95,43.89,1587661,28.78,66.57,118438,86363,8134,0.659,,
4/10/2021,Georgia,4664737,7197345,3058311,14.99,43.93,1591591,28.8,67.79,4678,73424,6915,0.648,,
4/11/2021,Georgia,4667495,7197345,3060628,15.02,43.96,1594354,28.83,67.79,2758,73427,6916,0.649,,
4/12/2021,Georgia,4668187,7197445,3062204,15.03,43.97,1595403,28.84,67.79,692,61618,5803,0.649,,
4/13/2021,Georgia,,,,,,,,,,83345,7850,,,
4/14/2021,Georgia,5061522,7539135,3290515,16.79,47.67,1782385,30.99,71.01,,85469,8050,0.671,,
4/15/2021,Georgia,5157520,7828695,3333309,17.29,48.58,1835536,31.39,73.73,95998,87986,8287,0.659,,
4/16/2021,Georgia,5262259,7900615,3372331,17.9,49.56,1899992,31.76,74.41,104739,86029,8103,0.666,,
4/17/2021,Georgia,5366914,8033225,3411530,18.51,50.55,1964775,32.13,75.66,104655,100311,9448,0.668,,
4/18/2021,Georgia,5462269,8033225,3443914,19.08,51.45,2025794,32.44,75.66,95355,113539,10694,0.68,,
4/19/2021,Georgia,5542994,8033225,3471588,19.54,52.21,2074187,32.7,75.66,80725,124972,11770,0.69,,
4/20/2021,Georgia,5583537,8266105,3485265,19.79,52.59,2101212,32.83,77.85,40543,102669,9670,0.675,,
4/21/2021,Georgia,5655164,8341495,3511811,20.21,53.26,2146103,33.08,78.56,71627,84806,7987,0.678,,
4/22/2021,Georgia,5740162,8608795,3538315,20.75,54.06,2202939,33.33,81.08,84998,83235,7839,0.667,,
4/23/2021,Georgia,5828947,8700275,3565858,21.32,54.9,2263940,33.58,81.94,88785,80955,7625,0.67,,
4/24/2021,Georgia,5922054,8793835,3592667,21.94,55.78,2328997,33.84,82.82,93107,79306,7469,0.673,,
4/25/2021,Georgia,5924273,8793835,3594066,21.96,55.8,2331518,33.85,82.82,2219,66001,6216,0.674,,
4/26/2021,Georgia,6011504,8793835,3623541,22.49,56.62,2388290,34.13,82.82,87231,66930,6304,0.684,,
4/27/2021,Georgia,6060609,9007905,3639372,22.81,57.08,2421923,34.28,84.84,49105,68153,6419,0.673,,
4/28/2021,Georgia,6135031,9110285,3661495,23.27,57.78,2470926,34.49,85.81,74422,68552,6457,0.673,,
4/29/2021,Georgia,6218010,9239535,3684661,23.81,58.56,2527545,34.7,87.02,82979,68264,6429,0.673,,
4/30/2021,Georgia,6306091,9368775,3709017,24.41,59.39,2591190,34.93,88.24,88081,68163,6420,0.673,,
5/1/2021,Georgia,6386954,9483435,3732623,24.95,60.16,2649030,35.16,89.32,80863,66414,6255,0.673,,
5/2/2021,Georgia,6460256,9483435,3755111,25.43,60.85,2699753,35.37,89.32,73302,76569,7212,0.681,,
5/3/2021,Georgia,6461734,9483435,3755963,25.44,60.86,2700803,35.38,89.32,1478,64319,6058,0.681,,
5/4/2021,Georgia,6503909,9721415,3769478,25.71,61.26,2730134,35.5,91.56,42175,63329,5965,0.669,,
5/5/2021,Georgia,6550721,9789055,3785099,26.01,61.7,2761702,35.65,92.2,46812,59384,5593,0.669,,
5/6/2021,Georgia,6552673,9888925,3786912,26.03,61.72,2763645,35.67,93.14,1952,47809,4503,0.663,,
5/7/2021,Georgia,6680976,9913265,3830155,26.85,62.92,2850374,36.07,93.37,128303,53555,5044,0.674,,
5/8/2021,Georgia,6740869,9921025,3849874,27.22,63.49,2890358,36.26,93.44,59893,50559,4762,0.679,,
5/9/2021,Georgia,6799470,9921025,3869064,27.6,64.04,2929987,36.44,93.44,58601,48459,4564,0.685,,
5/10/2021,Georgia,6838037,9921025,3883754,27.84,64.4,2956409,36.58,93.44,38567,53758,5063,0.689,,
5/11/2021,Georgia,6867030,9966255,3900185,28.04,64.68,2977408,36.73,93.87,28993,51874,4886,0.689,,
5/12/2021,Georgia,6909908,10047675,3917176,28.29,65.08,3003804,36.89,94.63,42878,51312,4833,0.688,,
5/13/2021,Georgia,6960793,10097845,3935412,28.61,65.56,3037554,37.07,95.11,50885,58303,5491,0.689,,
5/14/2021,Georgia,7004624,10159755,3952119,28.86,65.97,3064613,37.22,95.69,43831,46235,4355,0.689,,
5/15/2021,Georgia,7053648,10223535,3971980,29.15,66.43,3095445,37.41,96.29,49024,44683,4208,0.69,,
5/16/2021,Georgia,7055138,10223535,3973172,29.16,66.45,3096482,37.42,96.29,1490,36524,3440,0.69,,
5/17/2021,Georgia,7120620,10223535,4001973,29.51,67.07,3133196,37.69,96.29,65482,40369,3802,0.696,,
5/18/2021,Georgia,7120836,10223635,4002403,29.51,67.07,3133560,37.7,96.29,216,36258,3415,0.697,,
5/19/2021,Georgia,7122845,10332775,4004000,29.53,67.09,3134850,37.71,97.32,2009,30420,2865,0.689,,
5/20/2021,Georgia,7212497,10397145,4048946,29.98,67.93,3183565,38.13,97.93,89652,35958,3387,0.694,,
5/21/2021,Georgia,7256339,10447805,4068991,30.22,68.34,3208104,38.32,98.4,43842,35959,3387,0.695,,
5/22/2021,Georgia,7306802,10533755,4093508,30.48,68.82,3236398,38.55,99.21,50463,36165,3406,0.694,,
5/23/2021,Georgia,7340924,10533755,4107587,30.68,69.14,3257623,38.69,99.21,34122,40827,3845,0.697,,
5/24/2021,Georgia,7341201,10533755,4107924,30.69,69.14,3257973,38.69,99.21,277,31512,2968,0.697,,
5/25/2021,Georgia,7341201,10555975,4108169,30.69,69.14,3258138,38.69,99.42,0,31481,2965,0.695,,
5/26/2021,Georgia,7376645,10569965,4125559,30.87,69.48,3277423,38.86,99.55,35444,36257,3415,0.698,,
5/27/2021,Georgia,7410254,10618245,4142634,31.04,69.79,3295633,39.02,100.01,33609,28251,2661,0.698,,
5/28/2021,Georgia,7411688,10670715,4144065,31.05,69.81,3296656,39.03,100.5,1434,22193,2090,0.695,,
5/29/2021,Georgia,7413625,10750095,4145136,31.07,69.83,3298581,39.04,101.25,1937,15260,1437,0.69,,
5/30/2021,Georgia,7414465,10750095,4145899,31.08,69.83,3299623,39.05,101.25,840,10506,990,0.69,,
5/31/2021,Georgia,,,,,,,,,,24480,2306,,,
6/1/2021,Georgia,7610655,10750095,4236245,32.1,71.68,3407704,39.9,101.25,,38493,3625,0.708,,
6/2/2021,Georgia,7610659,10750095,4236513,32.1,71.68,3407890,39.9,101.25,4,33431,3149,0.708,,
6/3/2021,Georgia,7612650,10770815,4237594,32.11,71.7,3409346,39.91,101.44,1991,28914,2723,0.707,,
6/4/2021,Georgia,7783684,10798395,4304247,33.09,73.31,3512913,40.54,101.7,171034,53142,5005,0.721,,
6/5/2021,Georgia,7785073,10874215,4305258,33.1,73.32,3514143,40.55,102.42,1389,53064,4998,0.716,,
6/6/2021,Georgia,7859494,10874215,4347833,33.4,74.02,3546734,40.95,102.42,74421,63576,5988,0.723,,
6/7/2021,Georgia,7860212,10874215,4348580,33.41,74.03,3547535,40.96,102.42,718,49665,4678,0.723,,
6/8/2021,Georgia,7931960,10881625,4381496,33.79,74.71,3587882,41.27,102.49,71748,45901,4323,0.729,,
6/9/2021,Georgia,7933928,10890655,4382437,33.81,74.73,3589555,41.28,102.57,1968,46181,4350,0.729,,
6/10/2021,Georgia,7935079,10893035,4383278,33.82,74.74,3590749,41.28,102.6,1151,46061,4338,0.728,,
6/11/2021,Georgia,7935079,10901715,4383505,33.82,74.74,3590930,41.29,102.68,0,21628,2037,0.728,,
6/12/2021,Georgia,7936088,10928305,4384788,33.83,74.75,3592184,41.3,102.93,1009,21574,2032,0.726,,
6/13/2021,Georgia,7937356,10928305,4385719,33.85,74.76,3593625,41.31,102.93,1268,11123,1048,0.726,,
6/14/2021,Georgia,7938727,10928305,4386793,33.86,74.77,3595582,41.32,102.93,1371,11216,1056,0.726,,
6/15/2021,Georgia,7939097,10932375,4387213,33.87,74.77,3596274,41.32,102.97,370,1020,96,0.726,,
6/16/2021,Georgia,7939269,10966325,4387716,33.88,74.78,3596897,41.33,103.29,172,763,72,0.724,,
6/17/2021,Georgia,8097319,10989855,4453331,34.78,76.26,3692677,41.94,103.51,158050,23177,2183,0.737,,
6/18/2021,Georgia,8098203,11005905,4454138,34.79,76.27,3693780,41.95,103.66,884,23303,2195,0.736,,
6/19/2021,Georgia,8099160,11051315,4455094,34.8,76.28,3694880,41.96,104.09,957,23296,2194,0.733,,
6/20/2021,Georgia,8100191,11051315,4455785,34.81,76.29,3696165,41.97,104.09,1031,23262,2191,0.733,,
6/21/2021,Georgia,8100255,11051315,4456062,34.81,76.29,3696341,41.97,104.09,64,23075,2173,0.733,,
6/22/2021,Georgia,8220179,11054215,4511414,35.42,77.42,3760962,42.49,104.11,119924,40155,3782,0.744,,
6/23/2021,Georgia,8220593,11073185,4512103,35.43,77.43,3761490,42.5,104.29,414,40189,3785,0.742,,
6/24/2021,Georgia,8221814,11091725,4513062,35.44,77.44,3762566,42.51,104.47,1221,17785,1675,0.741,,
6/25/2021,Georgia,8222264,11117525,4513660,35.44,77.44,3763180,42.51,104.71,450,17723,1669,0.74,,
6/26/2021,Georgia,8222816,11159855,4514292,35.45,77.45,3763848,42.52,105.11,552,17665,1664,0.737,,
6/27/2021,Georgia,8222968,11159855,4514776,35.45,77.45,3764366,42.52,105.11,152,17540,1652,0.737,,
6/28/2021,Georgia,8223532,11159855,4515551,35.46,77.45,3765250,42.53,105.11,564,17611,1659,0.737,,
6/29/2021,Georgia,8406166,11174215,4585953,36.52,79.17,3877365,43.19,105.24,182634,26570,2502,0.752,,
6/30/2021,Georgia,8422803,11184635,4598121,36.59,79.33,3884556,43.31,105.34,16637,28887,2721,0.753,,
7/1/2021,Georgia,8445684,11194015,4613167,36.67,79.55,3893218,43.45,105.43,22881,31981,3012,0.754,,
7/2/2021,Georgia,8446608,11205775,4613813,36.68,79.55,3894171,43.46,105.54,924,32049,3019,0.754,,
7/3/2021,Georgia,8484630,11223555,4637004,36.83,79.91,3910314,43.67,105.71,38022,37402,3523,0.756,,
7/4/2021,Georgia,8484782,11223555,4637498,36.83,79.91,3910698,43.68,105.71,152,37402,3523,0.756,,
7/5/2021,Georgia,,,,,,,,,,39694,3739,,,
7/6/2021,Georgia,8517999,11223555,4655198,36.98,80.23,3926832,43.84,105.71,,15976,1505,0.759,,
7/7/2021,Georgia,8531126,11223555,4662662,37.04,80.35,3932968,43.92,105.71,13127,15475,1458,0.76,,
7/8/2021,Georgia,8549769,11258655,4673614,37.12,80.53,3941470,44.02,106.04,18643,14869,1400,0.759,,
7/9/2021,Georgia,8550255,11260005,4674137,37.13,80.53,3942002,44.02,106.05,486,14807,1395,0.759,,
7/10/2021,Georgia,8550988,11322705,4674935,37.13,80.54,3942675,44.03,106.64,733,9480,893,0.755,,
7/11/2021,Georgia,8551769,11322705,4675777,37.14,80.54,3943546,44.04,106.64,781,9570,901,0.755,,
7/12/2021,Georgia,8607149,11322705,4704960,37.39,81.07,3969801,44.31,106.64,55380,15108,1423,0.76,,
7/13/2021,Georgia,8607149,11326585,4705181,37.39,81.07,3969934,44.32,106.68,0,12736,1200,0.76,,
7/14/2021,Georgia,8628465,11339195,4716692,37.48,81.27,3979871,44.42,106.8,21316,13906,1310,0.761,,
7/15/2021,Georgia,8628869,11355655,4717320,37.49,81.27,3980303,44.43,106.95,404,11300,1064,0.76,,
7/16/2021,Georgia,8629681,11373025,4717933,37.49,81.28,3980991,44.44,107.12,812,11347,1069,0.759,,
7/17/2021,Georgia,8630136,11405925,4718613,37.5,81.28,3981538,44.44,107.43,455,11307,1065,0.757,,
7/18/2021,Georgia,8630684,11405925,4719334,37.5,81.29,3982004,44.45,107.43,548,11274,1062,0.757,,
7/19/2021,Georgia,,,,,,,,,,9754,919,,,
7/20/2021,Georgia,8720175,11409285,4767583,37.92,82.13,4025666,44.9,107.46,,16147,1521,0.764,,
7/21/2021,Georgia,8747755,11424395,4783420,38.02,82.39,4037136,45.05,107.6,27580,17041,1605,0.766,,
7/22/2021,Georgia,8748307,11448245,4784315,38.03,82.4,4037519,45.06,107.83,552,17063,1607,0.764,,
7/23/2021,Georgia,8748752,11510325,4785044,38.03,82.4,4037959,45.07,108.41,445,17010,1602,0.76,,
7/24/2021,Georgia,8749205,11536745,4785767,38.04,82.4,4038452,45.07,108.66,453,17010,1602,0.758,,
7/25/2021,Georgia,8749726,11536985,4786820,38.04,82.41,4038918,45.08,108.66,521,17006,1602,0.758,,
7/26/2021,Georgia,8749742,11536985,4787149,38.04,82.41,4039038,45.09,108.66,16,10616,1000,0.758,,
7/27/2021,Georgia,8749747,11552615,4787474,38.04,82.41,4039150,45.09,108.81,5,4225,398,0.757,,
7/28/2021,Georgia,8877174,11575865,4868672,38.47,83.61,4084995,45.86,109.03,127427,18488,1741,0.767,,
7/29/2021,Georgia,8904071,11634805,4886737,38.55,83.86,4093544,46.03,109.58,26897,22252,2096,0.765,,
7/30/2021,Georgia,8940254,11697975,4910269,38.65,84.2,4103919,46.25,110.18,36183,27357,2577,0.764,,
7/31/2021,Georgia,8941174,11795685,4911568,38.66,84.21,4104779,46.26,111.1,920,27424,2583,0.758,,
8/1/2021,Georgia,8942038,11795685,4913017,38.67,84.22,4105276,46.27,111.1,864,27473,2588,0.758,,
8/2/2021,Georgia,8942110,11795685,4913604,38.67,84.22,4105466,46.28,111.1,72,27481,2588,0.758,,
8/3/2021,Georgia,8942111,11805395,4914177,38.67,84.22,4105643,46.28,111.19,1,27481,2588,0.757,,
8/4/2021,Georgia,8942802,11834555,4915301,38.67,84.23,4106222,46.29,111.46,691,9375,883,0.756,,
8/5/2021,Georgia,9080138,11872545,5010039,39.05,85.52,4145869,47.19,111.82,137336,25152,2369,0.765,,
8/6/2021,Georgia,9080611,11964475,5011141,39.05,85.53,4146314,47.2,112.69,473,20051,1888,0.759,,
8/7/2021,Georgia,9081249,12024545,5012293,39.06,85.53,4146938,47.21,113.25,638,20011,1885,0.755,,
8/8/2021,Georgia,9081621,12024645,5013198,39.06,85.54,4147336,47.22,113.25,372,19940,1878,0.755,,
8/9/2021,Georgia,9081740,12024645,5013900,39.06,85.54,4147538,47.22,113.25,119,19947,1879,0.755,,
8/10/2021,Georgia,9184131,12038135,5085962,39.33,86.5,4175678,47.9,113.38,102391,34574,3256,0.763,,
8/11/2021,Georgia,9207769,12071265,5102394,39.4,86.72,4182784,48.06,113.69,23638,37852,3565,0.763,,
8/12/2021,Georgia,9208320,12126815,5103376,39.4,86.73,4183379,48.07,114.22,551,18312,1725,0.759,,
8/13/2021,Georgia,9209143,12268045,5104563,39.41,86.74,4184099,48.08,115.55,823,18362,1729,0.751,,
8/14/2021,Georgia,9209838,12292545,5105798,39.41,86.74,4184634,48.09,115.78,695,18370,1730,0.749,,
8/15/2021,Georgia,9210328,12292995,5106743,39.42,86.75,4185186,48.1,115.78,490,18387,1732,0.749,,
8/16/2021,Georgia,,,,,,,,,,25844,2434,,,
8/17/2021,Georgia,9314971,12313595,5177490,39.74,87.73,4218980,48.76,115.98,,18691,1760,0.756,,
8/18/2021,Georgia,9315548,12366795,5178477,39.74,87.74,4219519,48.77,116.48,577,15397,1450,0.753,,
8/19/2021,Georgia,9436941,12523265,5250013,40.14,88.88,4262186,49.45,117.95,121393,32660,3076,0.754,,
8/20/2021,Georgia,9437851,12665475,5251501,40.15,88.89,4263108,49.46,119.29,910,32673,3077,0.745,,
8/21/2021,Georgia,9517382,12744145,5295593,40.42,89.64,4291731,49.88,120.03,79531,43935,4138,0.747,,
8/22/2021,Georgia,9518280,12744145,5296896,40.43,89.65,4292670,49.89,120.03,898,43993,4143,0.747,,
8/23/2021,Georgia,9518588,12743865,5297535,40.43,89.65,4293117,49.89,120.03,308,36563,3444,0.747,,
8/24/2021,Georgia,9518650,12743865,5298249,40.44,89.65,4293478,49.9,120.03,62,29097,2740,0.747,,
8/25/2021,Georgia,9637399,12807285,5357205,40.9,90.77,4342054,50.46,120.63,118749,45979,4331,0.752,,
8/26/2021,Georgia,9638282,13014175,5358167,40.9,90.78,4342677,50.47,122.57,883,28763,2709,0.741,,
8/27/2021,Georgia,9639569,13100055,5359671,40.91,90.79,4343902,50.48,123.38,1287,28817,2714,0.736,,
8/28/2021,Georgia,9716680,13149275,5397628,41.21,91.52,4375024,50.84,123.85,77111,28471,2682,0.739,,
8/29/2021,Georgia,9717873,13169715,5398840,41.21,91.53,4375765,50.85,124.04,1193,28513,2685,0.738,,
8/30/2021,Georgia,9718255,13169995,5399366,41.22,91.53,4376166,50.85,124.04,382,28524,2687,0.738,,
8/31/2021,Georgia,9718567,13206095,5400175,41.22,91.53,4376696,50.86,124.38,312,28560,2690,0.736,,
9/1/2021,Georgia,9882512,13297595,5480606,41.86,93.08,4444517,51.62,125.24,163945,35016,3298,0.743,,
9/2/2021,Georgia,9883793,13447665,5482095,41.87,93.09,4445340,51.63,126.66,1281,35073,3303,0.735,,
9/3/2021,Georgia,9945905,13519905,5515631,42.08,93.68,4467825,51.95,127.34,62112,43762,4122,0.736,,
9/4/2021,Georgia,9947287,13637925,5516935,42.09,93.69,4468684,51.96,128.45,1382,32944,3103,0.729,,
9/5/2021,Georgia,,,,,,,,,,32868,3096,,,
9/6/2021,Georgia,,,,,,,,,,32907,3099,,,
9/7/2021,Georgia,9949267,13636825,5518435,42.1,93.71,4469605,51.98,128.44,,32957,3104,0.73,,
9/8/2021,Georgia,10112910,13644345,5598938,42.76,95.25,4539735,52.73,128.51,163643,32914,3100,0.741,,
9/9/2021,Georgia,10114310,13737815,5599998,42.76,95.26,4540409,52.74,129.39,1400,32931,3102,0.736,,
9/10/2021,Georgia,10115879,13790365,5601650,42.77,95.28,4541542,52.76,129.88,1569,24282,2287,0.734,,
9/11/2021,Georgia,10117678,13903725,5603440,42.78,95.29,4542440,52.78,130.95,1799,24342,2293,0.728,,
9/12/2021,Georgia,10119826,13903725,5605337,42.79,95.31,4543373,52.79,130.95,2148,24554,2313,0.728,,
9/13/2021,Georgia,10120458,13903725,5606349,42.8,95.32,4543909,52.8,130.95,632,24550,2312,0.728,,
9/14/2021,Georgia,10120898,13917805,5608670,42.81,95.32,4544963,52.83,131.08,440,24519,2309,0.727,,
9/15/2021,Georgia,10284452,14040285,5681047,43.53,96.86,4622000,53.51,132.24,163554,24506,2308,0.732,,
9/16/2021,Georgia,10285679,14080305,5682508,43.54,96.88,4622898,53.52,132.62,1227,24481,2306,0.731,,
9/17/2021,Georgia,10353443,14134065,5709654,43.86,97.51,4657281,53.78,133.12,67764,33938,3196,0.733,,
9/18/2021,Georgia,10396999,14170165,5728948,44.06,97.92,4677961,53.96,133.46,43556,39903,3758,0.734,,
9/19/2021,Georgia,10398214,14170165,5730070,44.07,97.94,4678648,53.97,133.46,1215,39770,3746,0.734,,
9/20/2021,Georgia,10398423,14170165,5730596,44.07,97.94,4679131,53.97,133.46,209,39709,3740,0.734,,
9/21/2021,Georgia,10398536,14203585,5731236,44.08,97.94,4679672,53.98,133.78,113,39663,3736,0.732,,
9/22/2021,Georgia,10470052,14243455,5757805,44.44,98.61,4718249,54.23,134.15,71516,26514,2497,0.735,,
9/23/2021,Georgia,10504413,14327025,5770336,44.62,98.94,4737079,54.35,134.94,34361,31248,2943,0.733,,
9/24/2021,Georgia,10557742,14355455,5789931,44.88,99.44,4765575,54.53,135.21,53329,29186,2749,0.735,,
9/25/2021,Georgia,10590170,14380645,5801213,45.06,99.74,4784239,54.64,135.44,32428,27596,2599,0.736,,
9/26/2021,Georgia,10591582,14380505,5802240,45.07,99.76,4785389,54.65,135.44,1412,27624,2602,0.737,,
9/27/2021,Georgia,10591698,14380645,5802722,45.07,99.76,4785671,54.65,135.44,116,27611,2601,0.737,,
9/28/2021,Georgia,10591806,14444325,5803322,45.08,99.76,4785984,54.66,136.04,108,27610,2600,0.733,,
9/29/2021,Georgia,10648942,14459635,5820906,45.34,100.3,4813611,54.82,136.19,57136,25556,2407,0.736,,
9/30/2021,Georgia,10673110,14475205,5828605,45.43,100.52,4823331,54.9,136.33,24168,24100,2270,0.737,,
10/1/2021,Georgia,10674387,14547765,5829363,45.44,100.54,4824114,54.9,137.02,1277,16664,1569,0.734,,
10/2/2021,Georgia,10744206,14604205,5848234,45.72,101.19,4853758,55.08,137.55,69819,22005,2073,0.736,,
10/3/2021,Georgia,10744495,14600525,5848983,45.72,101.2,4854200,55.09,137.51,289,21845,2057,0.736,,
10/4/2021,Georgia,10744510,14600245,5849867,45.72,101.2,4854729,55.1,137.51,15,21830,2056,0.736,,
10/5/2021,Georgia,10744528,14605945,5850414,45.73,101.2,4855141,55.1,137.57,18,21817,2055,0.736,,
10/6/2021,Georgia,10855401,14672245,5877848,46.16,102.24,4901224,55.36,138.19,110873,29494,2778,0.74,,
10/7/2021,Georgia,10855634,14777775,5878334,46.16,102.24,4901526,55.36,139.18,233,26075,2456,0.735,,
10/8/2021,Georgia,10855933,14852355,5880188,46.18,102.25,4902669,55.38,139.89,299,25935,2443,0.731,,
10/9/2021,Georgia,10937587,14885345,5900661,46.46,103.02,4932664,55.58,140.2,81654,27626,2602,0.735,,
10/10/2021,Georgia,,,,,,,,,,27597,2599,,,
10/11/2021,Georgia,,,,,,,,,,27607,2600,,,
10/12/2021,Georgia,10937849,14913365,5901817,46.46,103.02,4933324,55.59,140.46,,27617,2601,0.733,,
10/13/2021,Georgia,11001935,14959225,5920236,46.7,103.62,4958654,55.76,140.89,64086,20933,1972,0.735,,
10/14/2021,Georgia,11032372,15045665,5928121,46.84,103.91,4973251,55.83,141.71,30437,25248,2378,0.733,,
10/15/2021,Georgia,11076028,15120615,5939989,47,104.32,4990632,55.95,142.41,43656,31442,2961,0.733,,
10/16/2021,Georgia,11107783,15138595,5948357,47.12,104.62,5002976,56.02,142.58,31755,24314,2290,0.734,,
10/17/2021,Georgia,11108981,15126975,5949257,47.13,104.63,5003830,56.03,142.47,1198,24472,2305,0.734,,
10/18/2021,Georgia,11109273,15126695,5949745,47.13,104.63,5004179,56.04,142.47,292,24502,2308,0.734,,
10/19/2021,Georgia,11111386,15170585,5951111,47.14,104.65,5005519,56.05,142.88,2113,24791,2335,0.732,,
10/20/2021,Georgia,11112199,15191605,5952004,47.15,104.66,5006139,56.06,143.08,813,15752,1484,0.731,,
10/21/2021,Georgia,11112900,15252615,5952604,47.16,104.67,5006654,56.06,143.66,701,11504,1084,0.729,244965,2.31
10/22/2021,Georgia,11222100,15339265,5987762,47.57,105.7,5050565,56.4,144.47,109200,20867,1965,0.732,285107,2.69
10/23/2021,Georgia,11222786,15359675,5988571,47.57,105.7,5051114,56.4,144.66,686,16429,1547,0.731,285431,2.69
10/24/2021,Georgia,11223611,15356735,5989233,47.58,105.71,5051673,56.41,144.64,825,16376,1542,0.731,285654,2.69
10/25/2021,Georgia,11223622,15353515,5989569,47.58,105.71,5051789,56.41,144.61,11,16336,1539,0.731,285731,2.69
10/26/2021,Georgia,11322900,15381505,6011648,47.87,106.64,5082925,56.62,144.87,99278,30216,2846,0.736,329737,3.11
10/27/2021,Georgia,11359371,15472285,6018838,47.95,106.99,5091396,56.69,145.73,36471,35310,3326,0.734,351041,3.31
10/28/2021,Georgia,11360060,15557365,6020210,47.96,106.99,5091916,56.7,146.53,689,35309,3326,0.73,351668,3.31
10/29/2021,Georgia,11360728,15638285,6020924,47.96,107,5092396,56.71,147.29,668,19804,1865,0.726,352331,3.32
10/30/2021,Georgia,11480849,15816775,6040512,48.18,108.13,5115884,56.89,148.97,120121,36866,3472,0.726,427115,4.02
10/31/2021,Georgia,11481688,15815485,6041368,48.19,108.14,5116398,56.9,148.96,839,36868,3472,0.726,427719,4.03
11/1/2021,Georgia,11482155,15807245,6042135,48.19,108.14,5116762,56.91,148.88,467,36933,3479,0.726,427946,4.03
11/2/2021,Georgia,11482176,15952315,6042774,48.19,108.14,5117009,56.91,150.25,21,22754,2143,0.72,428200,4.03
11/3/2021,Georgia,11600939,16090095,6062599,48.43,109.26,5141539,57.1,151.54,118763,34510,3250,0.721,500635,4.72
11/4/2021,Georgia,11638712,16140575,6069316,48.5,109.62,5148931,57.16,152.02,37773,39807,3749,0.721,524044,4.94
11/5/2021,Georgia,11639557,16170085,6070072,48.5,109.63,5149397,57.17,152.3,845,39833,3752,0.72,524714,4.94
11/6/2021,Georgia,11707272,16178355,6082355,48.61,110.26,5160906,57.29,152.38,67715,32346,3047,0.724,567376,5.34
11/7/2021,Georgia,11707936,16334095,6083219,48.61,110.27,5161287,57.29,153.84,664,32321,3044,0.717,567996,5.35
11/8/2021,Georgia,11708160,16333295,6085263,48.63,110.27,5162771,57.31,153.83,224,32286,3041,0.717,568267,5.35
11/9/2021,Georgia,11794648,16396995,6107299,48.78,111.09,5178787,57.52,154.43,86488,44639,4204,0.719,615130,5.79
11/10/2021,Georgia,11795246,16464675,6108153,48.78,111.09,5179488,57.53,155.07,598,27758,2614,0.716,615616,5.8
11/11/2021,Georgia,,,,,,,,,,22530,2122,,,
11/12/2021,Georgia,11797598,16735735,6110736,48.79,111.12,5180629,57.55,157.63,,22577,2126,0.705,616971,5.81
11/13/2021,Georgia,11797615,16779615,6111767,48.8,111.12,5180917,57.56,158.04,17,12906,1216,0.703,617289,5.81
11/14/2021,Georgia,11798331,16775595,6112639,48.8,111.12,5181233,57.57,158,716,12914,1216,0.703,617970,5.82
11/15/2021,Georgia,11798447,16772735,6113305,48.8,111.12,5181380,57.58,157.97,116,12898,1215,0.703,618275,5.82
11/16/2021,Georgia,11937968,16798805,6156090,49,112.44,5202626,57.98,158.22,139521,20474,1928,0.711,689615,6.5
11/17/2021,Georgia,11938522,16894865,6157023,49,112.44,5202989,57.99,159.12,554,20468,1928,0.707,690227,6.5
11/18/2021,Georgia,12027136,17036635,6178851,49.14,113.28,5216907,58.2,160.46,88614,32959,3104,0.706,742534,6.99
11/19/2021,Georgia,12028251,17086115,6179977,49.14,113.29,5217528,58.21,160.93,1115,32950,3103,0.704,743286,7
11/20/2021,Georgia,12104511,17221615,6198531,49.25,114.01,5229206,58.38,162.2,76260,43842,4129,0.703,788354,7.43
11/21/2021,Georgia,12105455,17219015,6199625,49.26,114.02,5229632,58.39,162.18,944,43875,4132,0.703,788947,7.43
11/22/2021,Georgia,12105567,17213975,6200277,49.26,114.02,5229759,58.4,162.13,112,43874,4132,0.703,789242,7.43
11/23/2021,Georgia,12168457,17238705,6217581,49.34,114.61,5238889,58.56,162.36,62890,32927,3101,0.706,825160,7.77
11/24/2021,Georgia,,,,,,,,,,35747,3367,,,
11/25/2021,Georgia,,,,,,,,,,25987,2448,,,
11/26/2021,Georgia,,,,,,,,,,28727,2706,,,
11/27/2021,Georgia,,,,,,,,,,20732,1953,,,
11/28/2021,Georgia,,,,,,,,,,23497,2213,,,
11/29/2021,Georgia,,,,,,,,,,26380,2485,,,
11/30/2021,Georgia,,,,,,,,,,20295,1911,,,
12/1/2021,Georgia,,,,,,,,,,20295,1911,,,
12/2/2021,Georgia,,,,,,,,,,20295,1911,,,
12/3/2021,Georgia,,,,,,,,,,20295,1911,,,
12/4/2021,Georgia,12391699,17594455,6304653,49.36,116.71,5241103,59.38,165.71,,20295,1911,0.704,976552,9.2
12/5/2021,Georgia,12392685,17559415,6305789,49.37,116.72,5241622,59.39,165.38,986,17536,1652,0.706,977343,9.21
12/6/2021,Georgia,12392835,17556895,6306488,49.37,116.72,5241795,59.4,165.36,150,14659,1381,0.706,977691,9.21
12/7/2021,Georgia,12504049,17610935,6326495,49.6,117.77,5266415,59.59,165.87,111214,27647,2604,0.71,1038700,9.78
12/8/2021,Georgia,12551710,17676805,6336308,49.68,118.22,5275127,59.68,166.49,47661,31556,2972,0.71,1067151,10.05
12/9/2021,Georgia,12598737,17728505,6345700,49.77,118.66,5284283,59.77,166.98,47027,35375,3332,0.711,1093630,10.3
12/10/2021,Georgia,12642820,17805395,6354746,49.85,119.08,5293008,59.85,167.7,44083,38774,3652,0.71,1118497,10.53
12/11/2021,Georgia,12693162,17870675,6364869,49.94,119.55,5302666,59.95,168.31,50342,43066,4056,0.71,1148303,10.82
12/12/2021,Georgia,12693727,17872705,6365632,49.95,119.56,5302875,59.95,168.33,565,43006,4051,0.71,1148980,10.82
12/13/2021,Georgia,12693779,17872565,6366162,49.95,119.56,5303027,59.96,168.33,52,42992,4049,0.71,1149284,10.82
12/14/2021,Georgia,12769141,17969095,6379923,50.1,120.27,5319077,60.09,169.24,75362,37870,3567,0.711,1191487,11.22
12/15/2021,Georgia,12816855,18007865,6389285,50.19,120.72,5329048,60.18,169.61,47714,37878,3568,0.712,1219008,11.48
12/16/2021,Georgia,12856591,18102695,6396985,50.27,121.09,5337707,60.25,170.5,39736,36836,3469,0.71,1241560,11.69
12/17/2021,Georgia,12896743,18182895,6404497,50.35,121.47,5346143,60.32,171.26,40152,36275,3417,0.709,1264753,11.91
12/18/2021,Georgia,12938865,18170575,6411938,50.42,121.86,5353525,60.39,171.14,42122,35100,3306,0.712,1290192,12.15
12/19/2021,Georgia,12939355,18154835,6412743,50.42,121.87,5353688,60.4,170.99,490,35090,3305,0.713,1290863,12.16
12/20/2021,Georgia,12939513,18128095,6413390,50.43,121.87,5353843,60.4,170.74,158,35105,3306,0.714,1291132,12.16
12/21/2021,Georgia,13020837,18177665,6427992,50.55,122.64,5367638,60.54,171.21,81324,35957,3387,0.716,1339236,12.61
12/22/2021,Georgia,13074414,18246575,6438467,50.64,123.14,5376936,60.64,171.86,53577,36794,3465,0.717,1368552,12.89
12/23/2021,Georgia,13075011,18269605,6439993,50.65,123.15,5377295,60.65,172.07,597,31203,2939,0.716,1369374,12.9
12/24/2021,Georgia,,,,,,,,,,25513,2403,,,
12/25/2021,Georgia,,,,,,,,,,19541,1840,,,
12/26/2021,Georgia,,,,,,,,,,19517,1838,,,
12/27/2021,Georgia,13076296,18191775,6442925,50.65,123.16,5377928,60.68,171.34,,19540,1840,0.719,1370926,12.91
12/28/2021,Georgia,13232429,18191635,6474122,50.88,124.63,5402633,60.98,171.34,156133,30227,2847,0.727,1461581,13.77
12/29/2021,Georgia,13292446,18302055,6495858,51.01,125.19,5416054,61.18,172.38,60017,31147,2934,0.726,1485824,13.99
12/30/2021,Georgia,13331712,18331285,6505193,51.08,125.56,5423280,61.27,172.65,39266,36672,3454,0.727,1507455,14.2
12/31/2021,Georgia,,,,,,,,,,39127,3685,,,
1/1/2022,Georgia,,,,,,,,,,41583,3916,,,
1/2/2022,Georgia,,,,,,,,,,44038,4148,,,
1/3/2022,Georgia,,,,,,,,,,46493,4379,,,
1/4/2022,Georgia,13419260,18270005,6527303,51.23,126.39,5439187,61.48,172.08,,26690,2514,0.734,1556737,14.66
1/5/2022,Georgia,13487907,18382505,6543890,51.34,127.04,5451292,61.63,173.14,68647,27923,2630,0.734,1592147,15
1/6/2022,Georgia,13523352,18890595,6552709,51.41,127.37,5458048,61.72,177.92,35445,27377,2578,0.716,1610217,15.17
1/7/2022,Georgia,13523815,18890595,6553821,51.41,127.37,5458389,61.73,177.92,463,24942,2349,0.716,1610851,15.17
1/8/2022,Georgia,13524273,19111495,6554819,51.41,127.38,5458691,61.74,180,458,22506,2120,0.708,1611380,15.18
1/9/2022,Georgia,13524843,19105895,6555560,51.41,127.38,5458880,61.74,179.95,570,20086,1892,0.708,1611816,15.18
1/10/2022,Georgia,13524985,19106295,6556147,51.42,127.38,5458987,61.75,179.95,142,17605,1658,0.708,1612091,15.18
1/11/2022,Georgia,13525123,19134595,6556988,51.42,127.39,5459220,61.76,180.22,138,15123,1424,0.707,1612477,15.19
1/12/2022,Georgia,13685923,19276655,6594760,51.69,128.9,5488523,62.11,181.56,160800,28288,2664,0.71,1695747,15.97
1/13/2022,Georgia,13718189,19313255,6603057,51.76,129.2,5495289,62.19,181.9,32266,27834,2622,0.71,1712092,16.13
1/14/2022,Georgia,13747546,19376735,6610524,51.82,129.48,5501585,62.26,182.5,29357,31962,3010,0.709,1726812,16.26
1/15/2022,Georgia,13748361,19455135,6611416,51.82,129.49,5502016,62.27,183.24,815,32013,3015,0.707,1727425,16.27
1/16/2022,Georgia,,,,,,,,,,31955,3010,,,
1/17/2022,Georgia,,,,,,,,,,31959,3010,,,
1/18/2022,Georgia,13748867,19461635,6613040,51.82,129.49,5502398,62.28,183.3,,31963,3010,0.706,1728164,16.28
1/19/2022,Georgia,13841277,19587135,6705753,52.35,130.36,5558243,63.16,184.48,92410,22193,2090,0.707,1783059,16.79
1/20/2022,Georgia,13841416,19598835,6713072,52.4,130.37,5563349,63.23,184.59,139,17604,1658,0.706,1794783,16.9
1/21/2022,Georgia,13882655,19643235,6723533,52.49,130.75,5573435,63.33,185.01,41239,19301,1818,0.707,1813929,17.08
1/22/2022,Georgia,13882972,19704715,6724241,52.5,130.76,5573732,63.33,185.59,317,19230,1811,0.705,1814263,17.09
1/23/2022,Georgia,13883462,19705015,6725130,52.5,130.76,5574060,63.34,185.59,490,19276,1816,0.705,1814654,17.09
1/24/2022,Georgia,13883487,19705015,6725788,52.5,130.76,5574282,63.35,185.59,25,19256,1814,0.705,1814780,17.09
1/25/2022,Georgia,13943859,19734215,6739267,52.64,131.33,5589109,63.47,185.87,60372,27856,2624,0.707,1842992,17.36
1/26/2022,Georgia,13956008,19744915,6742549,52.67,131.44,5592040,63.5,185.97,12149,16390,1544,0.707,1848898,17.41
1/27/2022,Georgia,13974241,19791115,6746501,52.72,131.62,5597004,63.54,186.4,18233,18975,1787,0.706,1857386,17.49
1/28/2022,Georgia,13994644,19832415,6751283,52.77,131.81,5603133,63.59,186.79,20403,15998,1507,0.706,1866003,17.57
1/29/2022,Georgia,14013211,19872415,6755276,52.83,131.98,5608877,63.62,187.17,18567,18606,1752,0.705,1874057,17.65
1/30/2022,Georgia,14013593,19872415,6755902,52.83,131.99,5609172,63.63,187.17,382,18590,1751,0.705,1874258,17.65
1/31/2022,Georgia,14013637,19872415,6756261,52.83,131.99,5609293,63.63,187.17,44,18593,1751,0.705,1874369,17.65
2/1/2022,Georgia,14044754,19900515,6763220,52.92,132.28,5618584,63.7,187.43,31117,14414,1358,0.706,1887071,17.77
2/2/2022,Georgia,14057396,19960515,6766353,52.96,132.4,5622805,63.73,188,12642,14484,1364,0.704,1892196,17.82
2/3/2022,Georgia,14071822,19990615,6770602,52.99,132.54,5626517,63.77,188.28,14426,13940,1313,0.704,1898016,17.88
2/4/2022,Georgia,14087399,20010515,6774865,53.04,132.68,5631268,63.81,188.47,15577,13251,1248,0.704,1904346,17.94
2/5/2022,Georgia,14104027,20010815,6779147,53.09,132.84,5636655,63.85,188.47,16628,12974,1222,0.705,1910643,18
2/6/2022,Georgia,14104296,20010915,6780017,53.09,132.84,5637004,63.86,188.47,269,12958,1220,0.705,1910790,18
2/7/2022,Georgia,14104301,20010915,6780315,53.09,132.84,5637130,63.86,188.47,5,12952,1220,0.705,1910872,18
2/8/2022,Georgia,14148993,20052615,6790111,53.23,133.26,5651698,63.95,188.87,44692,14891,1403,0.706,1927460,18.15
2/9/2022,Georgia,14156638,20100215,6792052,53.25,133.33,5654096,63.97,189.31,7645,14177,1335,0.704,1930498,18.18
2/10/2022,Georgia,14156833,20129615,6792623,53.26,133.34,5654378,63.98,189.59,195,12144,1144,0.703,1930738,18.18
2/11/2022,Georgia,14157148,20166015,6793082,53.26,133.34,5654775,63.98,189.93,315,9964,938,0.702,1930926,18.19
2/12/2022,Georgia,14157448,20200715,6793566,53.26,133.34,5655144,63.99,190.26,300,7632,719,0.701,1931108,18.19
2/13/2022,Georgia,14157749,20200715,6794054,53.26,133.34,5655309,63.99,190.26,301,7636,719,0.701,1931229,18.19
2/14/2022,Georgia,14157758,20200715,6794324,53.27,133.34,5655418,63.99,190.26,9,7637,719,0.701,1931322,18.19
2/15/2022,Georgia,,,,,,,,,,6122,577,,,
2/16/2022,Georgia,,,,,,,,,,9900,932,,,
2/17/2022,Georgia,14260032,20464695,6806117,53.36,134.31,5665409,64.1,192.75,,14743,1389,0.697,1958880,18.45
2/18/2022,Georgia,14271112,20493895,6809381,53.39,134.41,5668769,64.13,193.02,11080,16281,1533,0.696,1963164,18.49
2/19/2022,Georgia,14281388,20519795,6812247,53.42,134.51,5671974,64.16,193.27,10276,17706,1668,0.696,1967014,18.53
2/20/2022,Georgia,,,,,,,,,,19046,1794,,,
2/21/2022,Georgia,,,,,,,,,,20428,1924,,,
2/22/2022,Georgia,14310435,20529595,6820068,53.5,134.78,5680810,64.23,193.36,,16941,1596,0.697,1977852,18.63
2/23/2022,Georgia,14315647,20563895,6821480,53.52,134.83,5682440,64.25,193.68,5212,12815,1207,0.696,1979924,18.65
2/24/2022,Georgia,14324212,20586095,6823694,53.54,134.91,5684843,64.27,193.89,8565,9169,864,0.696,1983150,18.68
2/25/2022,Georgia,14335004,20638595,6826508,53.57,135.01,5688252,64.3,194.38,10792,9127,860,0.695,1987104,18.72
2/26/2022,Georgia,14344364,20646995,6829250,53.6,135.1,5691136,64.32,194.46,9360,8997,847,0.695,1990506,18.75
2/27/2022,Georgia,,,,,,,,,,7628,718,,,
2/28/2022,Georgia,14344568,20651695,6829740,53.6,135.1,5691391,64.33,194.51,,6259,590,0.695,1990631,18.75
3/1/2022,Georgia,14371145,20654895,6836027,53.68,135.35,5699023,64.38,194.54,26577,8673,817,0.696,2000489,18.84
3/2/2022,Georgia,14371221,20690895,6836322,53.68,135.36,5699175,64.39,194.88,76,7939,748,0.695,2000582,18.84
3/3/2022,Georgia,14377862,20697995,6838416,53.69,135.42,5700821,64.41,194.94,6641,7664,722,0.695,2003157,18.87
3/4/2022,Georgia,14390367,20723195,6841966,53.73,135.54,5704385,64.44,195.18,12505,7909,745,0.694,2008187,18.91
3/5/2022,Georgia,14408792,20752895,6846838,53.78,135.71,5710233,64.49,195.46,18425,9204,867,0.694,2015615,18.98
3/6/2022,Georgia,14409093,20752895,6847112,53.78,135.71,5710465,64.49,195.46,301,9232,870,0.694,2015709,18.98
3/7/2022,Georgia,14409100,20752895,6847284,53.78,135.71,5710545,64.49,195.46,7,9219,868,0.694,2015758,18.99
3/8/2022,Georgia,14425571,20757795,6851465,53.83,135.87,5715203,64.53,195.51,16471,7775,732,0.695,2022297,19.05
3/9/2022,Georgia,14429495,20779995,6852557,53.84,135.9,5716542,64.54,195.72,3924,8325,784,0.694,2023752,19.06
3/10/2022,Georgia,14441599,20791595,6856586,53.87,136.02,5720015,64.58,195.83,12104,9105,858,0.695,2028161,19.1
3/11/2022,Georgia,14448702,20816395,6858361,53.89,136.08,5722256,64.6,196.06,7103,8334,785,0.694,2030726,19.13
3/12/2022,Georgia,14461936,20816395,6861526,53.93,136.21,5725715,64.63,196.06,13234,7592,715,0.695,2034358,19.16
3/13/2022,Georgia,14462065,20816395,6861724,53.93,136.21,5725840,64.63,196.06,129,7567,713,0.695,2034403,19.16
3/14/2022,Georgia,14462068,20828395,6861869,53.93,136.21,5725913,64.63,196.17,3,7567,713,0.694,2034434,19.16
3/15/2022,Georgia,14485399,20845295,6867046,54,136.43,5732995,64.68,196.33,23331,8547,805,0.695,2042975,19.24
3/16/2022,Georgia,14485449,20870895,6867234,54,136.43,5733124,64.68,196.57,50,7993,753,0.694,2043030,19.24
3/17/2022,Georgia,14490924,20877295,6868790,54.01,136.48,5734815,64.69,196.63,5475,7046,664,0.694,2044956,19.26
3/18/2022,Georgia,14496559,20899995,6870209,54.03,136.54,5736709,64.71,196.85,5635,6837,644,0.694,2046877,19.28
3/19/2022,Georgia,14503465,20899995,6872063,54.05,136.6,5738741,64.72,196.85,6906,5933,559,0.694,2049405,19.3
3/20/2022,Georgia,14503611,20899995,6872255,54.05,136.6,5738915,64.73,196.85,146,5935,559,0.694,2049457,19.3
3/21/2022,Georgia,14503611,20899995,6872352,54.05,136.6,5738949,64.73,196.85,0,5935,559,0.694,2049483,19.3
3/22/2022,Georgia,14525779,20899995,6877409,54.11,136.81,5744777,64.77,196.85,22168,5769,543,0.695,2058052,19.38
3/23/2022,Georgia,14525819,20950195,6877584,54.11,136.81,5744888,64.78,197.32,40,5767,543,0.693,2058134,19.38
3/24/2022,Georgia,14532099,20954395,6879099,54.12,136.87,5746575,64.79,197.36,6280,5882,554,0.694,2060432,19.41
3/25/2022,Georgia,14532154,20962395,6879254,54.12,136.87,5746675,64.79,197.43,55,5085,479,0.693,2060487,19.41
3/26/2022,Georgia,14538144,21001995,6880798,54.14,136.93,5748454,64.81,197.81,5990,4954,467,0.692,2062745,19.43
3/27/2022,Georgia,14538339,21002095,6881039,54.14,136.93,5748537,64.81,197.81,195,4961,467,0.692,2062777,19.43
3/28/2022,Georgia,14538341,21002095,6881141,54.14,136.93,5748573,64.81,197.81,2,4961,467,0.692,2062795,19.43
3/29/2022,Georgia,14538341,21019295,6881389,54.14,136.93,5748707,64.81,197.97,0,1795,169,0.692,2062873,19.43
3/30/2022,Georgia,14563133,21027895,6887430,54.2,137.16,5754897,64.87,198.05,24792,5331,502,0.693,2072887,19.52
3/31/2022,Georgia,14571162,21051395,6889704,54.22,137.24,5757080,64.89,198.27,8029,5580,526,0.692,2076089,19.55
4/1/2022,Georgia,14583121,21052795,6892219,54.25,137.35,5760284,64.91,198.29,11959,7281,686,0.693,2081928,19.61
4/2/2022,Georgia,14592535,21099195,6894353,54.27,137.44,5762244,64.93,198.72,9414,7770,732,0.692,2085591,19.64
4/3/2022,Georgia,14592615,21099195,6894546,54.27,137.44,5762375,64.94,198.72,80,7754,730,0.692,2085642,19.64
4/4/2022,Georgia,14592619,21099195,6894687,54.27,137.44,5762448,64.94,198.72,4,7754,730,0.692,2085673,19.64
4/5/2022,Georgia,14629868,21128995,6899638,54.33,137.79,5767929,64.98,199,37249,13075,1231,0.692,2097642,19.76
4/6/2022,Georgia,14646623,21175395,6901961,54.35,137.95,5770336,65.01,199.44,16755,11927,1123,0.692,2102369,19.8
4/7/2022,Georgia,14646656,21205995,6902333,54.35,137.95,5770526,65.01,199.73,33,10785,1016,0.691,2102452,19.8
4/8/2022,Georgia,14646693,21248595,6902632,54.35,137.95,5770698,65.01,200.13,37,9082,855,0.689,2102503,19.8
